{
    "Format": "1.22.0",
    "ConfigSchema": {
        "Map_to_Replace": {
            "AllowValues": "Beach, Forest, FourCorners, Hilltop, Riverland, Standard, Wilderness",
            "Default": "Beach"
        },
		"Cellar_Allows_Casks_in_Cave": {
			"AllowValues": "False, True",
			"Default": "True"
		}		
    },

    "DynamicTokens": [
        {
            "Name": "Replaced_Map",
            "Value": "Farm_Island",
            "When": {
                "Map_to_Replace": "Beach"
            }
        },
        {
            "Name": "Replaced_Map",
            "Value": "Farm_FourCorners",
            "When": {
                "Map_to_Replace": "FourCorners"
            }
        }, 
        {
            "Name": "Replaced_Map",
            "Value": "Farm_Foraging",
            "When": {
                "Map_to_Replace": "Forest"
            }
        },
        {
            "Name": "Replaced_Map",
            "Value": "Farm_Mining",
            "When": {
                "Map_to_Replace": "Hilltop"
            }
        },		
        {
            "Name": "Replaced_Map",
            "Value": "Farm_Fishing",
            "When": {
                "Map_to_Replace": "Riverland"
            }
        },
		{
            "Name": "Replaced_Map",
            "Value": "Farm",
            "When": {
                "Map_to_Replace": "Standard"
            }
        },	
        {
            "Name": "Replaced_Map",
            "Value": "Farm_Combat",
            "When": {
                "Map_to_Replace": "Wilderness"
            }
        }
    ],
    "Changes": [
	  {
            "Action": "Load",
            "Target": "Maps/{{Replaced_Map}}",
            "FromFile": "assets/Farm_AdorbsBeach.tmx"
        },
		{
            "Action": "Load",
            "Target": "Maps/FarmCave",
            "FromFile": "assets/FarmCave_AdorbsBeach.tmx",
			"When": {
                "FarmType": "{{Map_to_Replace}}"
            }
        },
	  {
		"Action": "EditMap",
		"Target": "Maps/FarmCave",
		"MapProperties": {
			"CanCaskHere": "T"
		},
		"When": {
			"FarmType": "{{Map_to_Replace}}",
			"Cellar_Allows_Casks_in_Cave": "True",
			"FarmhouseUpgrade": "3"
		}
	  },
	 {
            "Action": "EditData",
            "Target": "Data/Locations",
            "Entries": {
                  "FarmCave": "259 .3 830 .9 281 .25/259 .9 829 .3 851 .25/259 .3 830 .9 420 .25/259 .9 829 .3 422 .25/701 -1 838 -1 269 -1 155 -1 130 -1 128 -1 267 -1 836 -1/701 -1 838 -1 269 -1 155 -1 130 -1 128 -1 267 -1 836 -1/701 -1 838 -1 269 -1 155 -1 130 -1 128 -1 267 -1 836 -1/701 -1 838 -1 269 -1 155 -1 130 -1 128 -1 267 -1 836 -1/852 .05 114 .08 587 .1 589 .15 588 .2 586 .25 116 .3 848 1"
            }
      },
    ]
}
